{"original": {"flesch_reading_ease": 71.90415841584156, "flesch_kincaid_grade": 6.508910891089108, "smog_index": 1.8534653465346533, "coleman_liau_index": 6.053465346534651, "automated_readability_index": 6.179207920792082, "dale_chall_readability_score": 10.312277227722772, "difficult_words": 4.742574257425742, "linsear_write_formula": 6.92095709570957, "gunning_fog": 8.004653465346536}, "aligned": {"automated_readability_index": 8.229702970297032, "coleman_liau_index": 7.959702970297027, "dale_chall_readability_score": 11.516534653465348, "difficult_words": 4.97029702970297, "flesch_kincaid_grade": 8.107920792079208, "flesch_reading_ease": 62.58475247524751, "gunning_fog": 9.339603960396035, "linsear_write_formula": 8.122524752475247, "smog_index": 0.795049504950495}}