{"original": {"flesch_reading_ease": 76.48029702970294, "flesch_kincaid_grade": 5.9841584158415815, "smog_index": 1.2118811881188118, "coleman_liau_index": 7.4491089108910895, "automated_readability_index": 7.257425742574255, "dale_chall_readability_score": 9.269702970297033, "difficult_words": 3.9306930693069306, "linsear_write_formula": 6.672607260726073, "gunning_fog": 7.112871287128714}, "aligned": {"automated_readability_index": 8.966336633663367, "coleman_liau_index": 9.260297029702967, "dale_chall_readability_score": 10.145940594059411, "difficult_words": 4.188118811881188, "flesch_kincaid_grade": 6.975247524752476, "flesch_reading_ease": 70.75633663366337, "gunning_fog": 8.255841584158418, "linsear_write_formula": 7.4077557755775585, "smog_index": 0.7485148514851485}}