{
  "flesch_reading_ease": 52.93959648501348,
  "flesch_kincaid_grade": 8.777804977462718,
  "smog_index": 3.5534684044269307,
  "coleman_liau_index": 13.005416130894666,
  "automated_readability_index": 12.986464828297754,
  "dale_chall_readability_score": 11.907878052686103,
  "difficult_words": 8.733928060206997,
  "linsear_write_formula": 6.793252362177669,
  "gunning_fog": 9.50520369840135
}