{"response body": "{\n  \"id\": \"425a8021-9cd1-41b0-bc90-ebba5055f64a\",\n  \"choices\": [\n    {\n      \"finish_reason\": \"stop\",\n      \"index\": 0,\n      \"logprobs\": null,\n      \"message\": {\n        \"content\": \"import numpy as np\\n\\nSamples = {5.207403005022627: 0.69973543384229719, 6.8970222167794759: 0.080782939731898179, 7.8338517407140973: 0.10308033284258854, 8.5301143255505334: 0.018640838362318335, 10.418899728838058: 0.14427355015329846, 5.3983946820220501: 0.51319796560976771}\\n# Convert dictionary keys and values to numpy arrays\\nkeys = np.fromiter(Samples.keys(), dtype=float)\\nvals = np.fromiter(Samples.values(), dtype=float)\",\n        \"role\": \"assistant\"\n      }\n    }\n  ],\n  \"created\": 1735195780,\n  \"model\": \"deepseek-chat\",\n  \"object\": \"chat.completion\",\n  \"system_fingerprint\": \"fp_1a5c54ff19\",\n  \"usage\": {\n    \"completion_tokens\": 162,\n    \"prompt_tokens\": 588,\n    \"total_tokens\": 750,\n    \"prompt_cache_hit_tokens\": 384,\n    \"prompt_cache_miss_tokens\": 204\n  }\n}", "test_case_name": "NumpyEval_83.txt"}