{"response body": "{\n  \"id\": \"708787cf-2e3f-47e1-8efe-6561d0de113d\",\n  \"choices\": [\n    {\n      \"finish_reason\": \"stop\",\n      \"index\": 0,\n      \"logprobs\": null,\n      \"message\": {\n        \"content\": \"```python\\nimport numpy as np\\n\\nSamples = {5.207403005022627: 0.69973543384229719, 6.8970222167794759: 0.080782939731898179, 7.8338517407140973: 0.10308033284258854, 8.5301143255505334: 0.018640838362318335, 10.418899728838058: 0.14427355015329846, 5.3983946820220501: 0.51319796560976771}\\n# Convert the keys and values of the dictionary into numpy arrays of float type.\\nkeys = np.fromiter(Samples.keys(), dtype=float)\\nvals = np.fromiter(Samples.values(), dtype=float)\\n```\",\n        \"role\": \"assistant\"\n      }\n    }\n  ],\n  \"created\": 1727073711,\n  \"model\": \"deepseek-chat\",\n  \"object\": \"chat.completion\",\n  \"system_fingerprint\": \"fp_1c141eb703\",\n  \"usage\": {\n    \"completion_tokens\": 309,\n    \"prompt_tokens\": 752,\n    \"total_tokens\": 1061,\n    \"prompt_cache_hit_tokens\": 448,\n    \"prompt_cache_miss_tokens\": 304\n  }\n}", "test_case_name": "NumpyEval_83.txt"}